<?xml version="1.0" encoding="UTF-8"?>
<beans
	xmlns="http://www.springframework.org/schema/beans"
	xmlns:xsi="http://www.w3.org/2001/XMLSchema-instance"
	xmlns:p="http://www.springframework.org/schema/p"
	xsi:schemaLocation="http://www.springframework.org/schema/beans http://www.springframework.org/schema/beans/spring-beans-3.1.xsd">

   <!-- // by www.yiibai.com -->
	<bean class="org.springframework.beans.factory.annotation.AutowiredAnnotationBeanPostProcessor"/>
	
	<bean id="customer" class="com.yiibai.common.Customer" >
		<property name="action" value="buy" />
		<property name="type" value="1" />
	</bean>
		
	<bean id="personA" class="com.yiibai.common.Person" >
		<property name="name" value="yiibaiA" />
	</bean>
	
	<bean id="personB" class="com.yiibai.common.Person" >
		<property name="name" value="yiibaiB" />
	</bean>
	
</beans>