<?xml version="1.0" encoding="UTF-8"?>
<beans
	xmlns="http://www.springframework.org/schema/beans"
	xmlns:xsi="http://www.w3.org/2001/XMLSchema-instance"
	xmlns:p="http://www.springframework.org/schema/p"
	xsi:schemaLocation="http://www.springframework.org/schema/beans http://www.springframework.org/schema/beans/spring-beans-3.1.xsd">


	<bean id="CustomerBean" class="com.yiibai.common.Customer">

		<!-- java.util.List -->
		<property name="lists">
			<list>
				<value>1</value>
				<ref bean="PersonBean" />
				<bean class="com.yiibai.common.Person">
					<property name="name" value="yiibaiList" />
					<property name="address" value="Hainan" />
					<property name="age" value="28" />
				</bean>
			</list>
		</property>

		<!-- java.util.Set -->
		<property name="sets">
			<set>
				<value>1</value>
				<ref bean="PersonBean" />
				<bean class="com.yiibai.common.Person">
					<property name="name" value="yiibaiSet" />
					<property name="address" value="Hainan" />
					<property name="age" value="28" />
				</bean>
			</set>
		</property>

		<!-- java.util.Map -->
		<property name="maps">
			<map>
				<entry key="Key 1" value="1" />
				<entry key="Key 2" value-ref="PersonBean" />
				<entry key="Key 3">
					<bean class="com.yiibai.common.Person">
						<property name="name" value="yiibaiMap" />
						<property name="address" value="Hainan" />
						<property name="age" value="28" />
					</bean>
				</entry>
			</map>
		</property>

		<!-- java.util.Properties -->
		<property name="pros">
			<props>
				<prop key="admin">admin@yiibai.com</prop>
				<prop key="support">support@yiibai.com</prop>
			</props>
		</property>

	</bean>

	<bean id="PersonBean" class="com.yiibai.common.Person">
		<property name="name" value="yiibai1" />
		<property name="address" value="Hainan 1" />
		<property name="age" value="28" />
	</bean>
</beans>