<beans xmlns="http://www.springframework.org/schema/beans"
	xmlns:xsi="http://www.w3.org/2001/XMLSchema-instance" xmlns:util="http://www.springframework.org/schema/util"
	xsi:schemaLocation="http://www.springframework.org/schema/beans
http://www.springframework.org/schema/beans/spring-beans-2.5.xsd
http://www.springframework.org/schema/util
http://www.springframework.org/schema/util/spring-util-2.5.xsd">

	<bean id="CustomerBean" class="com.yiibai.common.Customer">
		<property name="maps">
			<util:map map-class="java.util.HashMap">
				<entry key="Key1" value="one" />
				<entry key="Key2" value="two" />
				<entry key="Key3" value="three" />
			</util:map>
		</property>
	</bean>

</beans>